Year,Business Visitors,Holiday Visitors,Average Length of Stay,Other Visitors,Total Visitor Spend,Spend Per Day,Total Visitor Days,Total Visitor Arrivals,VFR,Country
1979,50465,237785,23.6,56308,,,10211434,432382,87824,All
1980,59679,257596,23.9,46687,,,11112538,465163,101201,All
1981,62310,262032,24.1,45724,,,11515216,478037,107971,All
1982,66997,260735,24.2,40421,,,11666509,481726,113573,All
1983,68515,283264,24,40357,,,12180234,508465,116329,All
1984,76441,326191,22.2,40814,,,12623125,567611,124165,All
1985,84234,399570,22,48124,,,14725865,669558,137630,All
1986,86457,435419,22,59985,,,16138892,733424,151563,All
1987,90118,469031,21.5,102915,,,18156290,844313,182249,All
1988,99726,441312,21.4,116965,,,18519849,864892,206889,All
1989,105034,449616,20.9,126164,,,18858320,901078,220264,All
1990,110383,489681,21.2,141130,,,20653599,976010,234816,All
1991,99618,498003,20,129287,,,19288595,963470,236562,All
1992,112375,559658,19.4,121750,,,20508284,1055681,261898,All
1993,120104,661138,19.2,116207,,,22248380,1156978,259529,All
1994,135707,765183,19,141650,,,25104664,1322565,280025,All
1995,151328,799666,19,151102,,,26782546,1408795,306699,All
1996,163753,848551,19.3,169693,,,29576829,1528720,346723,All
1997,170184,806064,19.9,170488,,,29742588,1497226,350490,All
1998,179584,741789,19.7,176885,,,29262762,1484741,386483,All
1999,191667,820083,20.1,183679,4904743768,215.41,32274185,1607478,412049,All
2000,200850,930546,20.1,180678,5732837358,226.04,35982318,1789081,477007,All
2001,207659,989652,21.3,212646,6328461019,231.02,40749401,1909808,499850,All
2002,213959,1073816,22.3,234747,7152009897,236.45,45655202,2044964,522442,All
2003,217756,1084603,22.1,230882,6696556379,179.82,46527688,2106235,572994,All
2004,250271,1197287,20.1,236252,6979550746,173.96,47197974,2347671,663862,All
2005,261081,1200864,20,242585,6952055588,178.33,47542266,2382950,678419,All
2006,271428,1201932,20.4,254369,7194319184,179.75,49382806,2421556,693828,All
2007,268997,1216177,20.2,264514,7608454182,180.14,49867300,2465677,715989,All
2008,255526,1189745,20.9,266794,7417108002,180.27,51407702,2458505,746440,All
2009,232428,1190679,20.5,243840,7242404697,171.15,50405432,2458380,791433,All
2010,250701,1220392,20.1,271118,6556082176,159.67,50773092,2525047,782836,All
2011,250516,1219910,19.9,295050,6780328971,168.69,51814500,2601447,835971,All
2012,252060,1171204,19.1,281486,6342136162,165.77,48926311,2564619,859869,All
2013,258672,1284373,19.2,299483,6579562172,162.17,52180718,2717698,875170,All
2014,265201,1370542,19.8,317018,7388171620,159.45,56554640,2857400,904639,All
2015,275270,1565067,19.5,339385,9697544064,189.3,61158618,3131930,952208,All
2016,289822,1820040,19.1,367529,10085816489,183.17,66716870,3499938,1022547,All
2017,302623,1958493,18.5,394353,10563014075,190.47,68924137,3733703,1078233,All
2018,306633,2072811,18.6,409425,11029931379,198.26,73000469,3915847,1126978,All
2019,314118,2219371,18.7,428546,11728706812,199.46,77160559,4128322,1166287,All
2020,321276,2333246,18.7,448093,12333601270,200.93,81050462,4329030,1226416,All
2021,327341,2446198,18.7,467427,12955683617,202.43,84847129,4527433,1286467,All
2022,334280,2564031,18.8,487193,13558883554,204.6,88789008,4726060,1340557,All
2023,342830,2685989,18.8,507907,14163901382,206.61,92749017,4926224,1389498,All
2024,349747,2807667,18.9,528328,14760535045,208.44,96726264,5120184,1434442,All
1979,24789,126445,20.2,21848,,,4434302,219698,46616,Australia
1980,28786,120108,20,14829,,,4365773,217749,54026,Australia
1981,29855,114291,20.3,14809,,,4362266,214621,55666,Australia
1982,31130,112350,20.4,14041,,,4411149,216676,59155,Australia
1983,30714,119676,20.3,13278,,,4547935,224100,60432,Australia
1984,36580,132956,19.5,14425,,,4881878,250879,66918,Australia
1985,41584,161081,19.1,17309,,,5596075,293558,73584,Australia
1986,42624,131020,18.8,21891,,,5148363,273559,78024,Australia
1987,46466,120982,17.5,36363,,,5161672,294594,90783,Australia
1988,51159,85164,17.1,34412,,,4554204,266414,95679,Australia
1989,58024,105146,16,39689,,,4983443,312217,109358,Australia
1990,58501,120930,16.2,42662,,,5542876,341713,119620,Australia
1991,54667,118079,15.4,41389,,,5204779,338509,124374,Australia
1992,62072,130260,14.7,36906,,,5357289,363642,134404,Australia
1993,67180,130979,14.5,34328,,,5188357,358975,126488,Australia
1994,72607,140263,14.5,41907,,,5596549,386061,131284,Australia
1995,82488,138998,14.5,41822,,,5841130,402657,139349,Australia
1996,89807,147475,13.8,42860,,,5993964,435862,155720,Australia
1997,95261,141002,13.7,44314,,,5921257,433031,152455,Australia
1998,102392,174819,13.1,50095,,,6558806,501989,174683,Australia
1999,109979,178646,13.1,50668,1050939946,188.46,6863698,523506,184214,Australia
2000,114040,208648,12.9,46108,1089407901,189.8,7394599,574464,205668,Australia
2001,118966,242183,12.9,52947,1235647645,214.19,8107216,630689,216594,Australia
2002,117123,242931,13.2,52937,1218464013,201.05,8372285,632487,219497,Australia
2003,124510,274345,13,58151,1563466730,186.87,9165219,702796,245790,Australia
2004,146880,342787,12.2,66883,1835571621,182.4,10469852,861114,304564,Australia
2005,151245,341476,11.9,74621,1848500893,184.85,10476220,881120,313779,Australia
2006,157747,352388,12.1,77426,1941938071,198.12,10955591,907984,320424,Australia
2007,162544,377035,11.7,79130,2118441782,222.14,11180484,954200,335492,Australia
2008,156185,383950,11.7,79290,2159874753,208.88,11482039,980735,361311,Australia
2009,143925,460016,11,72863,2263209206,188.36,12015250,1087524,410720,Australia
2010,155891,463567,11.4,90637,2210313592,177.13,12837399,1126125,416029,Australia
2011,154760,457719,10.6,96623,2224531053,199.94,12341334,1159689,450587,Australia
2012,154311,435446,10.5,92622,2223735026,196.79,12190371,1160325,477946,Australia
2013,162066,470074,10.7,99030,2231689104,176.57,13076087,1221117,489947,Australia
2014,166796,479205,10.8,97922,2044170003,170.3,13509520,1249437,505513,Australia
2015,175645,516452,10.5,104236,2439594974,190.37,13917381,1327934,531600,Australia
2016,185152,563357,10.4,110052,2487486722,189.63,14615543,1411500,552939,Australia
2017,191758,592458,9.8,120138,2557205790,207.73,14411091,1476105,571752,Australia
2018,196179,606493,9.7,126922,2632723354,208.69,14729726,1518764,589171,Australia
2019,202568,632003,9.6,133686,2705398250,204.53,15085236,1569753,601496,Australia
2020,205225,646316,9.5,137777,2769722149,202.04,15438396,1620828,631511,Australia
2021,207761,660250,9.4,141935,2833410025,200.75,15803542,1673382,663435,Australia
2022,211585,678173,9.4,146870,2898086051,200.14,16303655,1725913,689285,Australia
2023,216513,699660,9.4,152642,2960708942,199.87,16790499,1778425,709610,Australia
2024,220298,717592,9.4,157653,3025139039,199.79,17190237,1820254,724711,Australia
1979,668,8892,31.3,1872,,,448016,14296,2864,Canada
1980,956,12164,26.9,1884,,,499296,18556,3552,Canada
1981,944,12352,29.1,1792,,,532732,18332,3244,Canada
1982,1070,12038,30.1,1460,,,542348,18008,3440,Canada
1983,1200,13204,28.3,1848,,,579904,20464,4212,Canada
1984,1284,15592,25.6,1857,,,590644,23041,4308,Canada
1985,1652,20657,27.3,2044,,,813458,29833,5480,Canada
1986,1841,24714,23.7,2964,,,813048,34326,4807,Canada
1987,1462,24779,22.5,4067,,,799387,35553,5245,Canada
1988,1595,24941,20.2,4437,,,751579,37137,6164,Canada
1989,1644,18990,22.4,4346,,,693718,30919,5939,Canada
1990,1950,19288,22.7,6314,,,770155,33983,6431,Canada
1991,1129,17692,22,5042,,,666285,30276,6413,Canada
1992,1449,14144,24,3344,,,620000,25849,6912,Canada
1993,1679,15725,21.8,3709,,,605501,27755,6642,Canada
1994,1812,15870,22.5,5167,,,669461,29749,6900,Canada
1995,2151,15384,22.9,4630,,,666708,29077,6912,Canada
1996,2155,14723,25.1,4343,,,725113,28937,7716,Canada
1997,1736,15167,26.1,4777,,,774417,29682,8002,Canada
1998,2258,15533,23.9,4586,,,741445,31019,8642,Canada
1999,2304,18052,26.7,3847,154350986,202.13,890498,33299,9096,Canada
2000,2578,17382,27,2939,116250974,117.3,891172,33031,10132,Canada
2001,2699,21126,25.3,2870,191347431,251.53,929977,36702,10007,Canada
2002,1924,24380,27.5,2953,162808368,203.93,1092207,39657,10400,Canada
2003,2188,24005,28.1,3436,136532060,132.96,1123700,39972,10343,Canada
2004,2400,23690,28.2,3306,138337645,128.37,1152407,40813,11417,Canada
2005,2568,22998,28.2,3667,133629799,126.19,1197380,42501,13268,Canada
2006,2759,26030,29,3527,170526570,146.31,1338515,46224,13908,Canada
2007,2767,27011,24.7,4191,151379667,121.58,1185653,47997,14028,Canada
2008,2174,31490,24.5,4696,170571808,169.28,1312904,53514,15154,Canada
2009,2354,27889,24.9,4009,169715986,153.29,1215123,48869,14617,Canada
2010,2475,27582,26.1,4141,174120142,154.4,1282483,49230,15033,Canada
2011,2569,26863,27.4,4575,158178576,139.34,1350935,49289,15282,Canada
2012,2715,24823,24.1,4256,136078768,151.3,1121182,46616,14822,Canada
2013,3033,26725,23.7,4123,146831162,123.29,1145517,48340,14460,Canada
2014,2500,26324,24.6,4150,191288686,124.04,1199793,48868,15894,Canada
2015,2962,28281,25.9,4659,241278582,170.4,1356321,52396,16494,Canada
2016,3317,33972,23.5,4519,220834345,138.8,1406691,59853,18045,Canada
2017,3032,40349,23.5,5537,258294536,165.85,1588382,67484,18566,Canada
2018,2909,43773,24.6,5302,277288658,156.59,1786904,72495,20511,Canada
2019,3011,47062,24.7,5516,294716908,157.64,1907544,77201,21612,Canada
2020,3021,49808,24.7,5621,308629462,158.59,2003124,81100,22650,Canada
2021,3019,52231,24.7,5694,320799398,159.59,2084891,84435,23491,Canada
2022,3012,54344,24.7,5751,331635624,160.62,2156242,87345,24238,Canada
2023,3000,56243,24.7,5793,341435110,161.67,2219589,89928,24893,Canada
2024,2985,57960,24.7,5827,350434159,162.74,2276664,92256,25483,Canada
1979,136,108,41.9,68,,,14588,348,36,China
1980,216,288,42.1,100,,,27292,648,44,China
1981,180,436,35,212,,,32752,936,108,China
1982,236,220,40.7,68,,,24408,600,76,China
1983,236,172,42.7,104,,,25444,596,84,China
1984,264,256,36.6,92,,,25484,696,84,China
1985,500,584,36.3,156,,,48720,1344,104,China
1986,546,503,42.1,176,,,59393,1411,186,China
1987,678,693,38,310,,,83591,2199,518,China
1988,897,847,40.9,611,,,118010,2882,527,China
1989,775,430,49.3,669,,,123820,2513,639,China
1990,1087,305,57.1,1055,,,175992,3082,635,China
1991,1142,327,41.4,664,,,107451,2596,463,China
1992,1685,461,35.8,841,,,129209,3612,625,China
1993,2348,524,30.3,756,,,130358,4301,673,China
1994,3000,1646,28.3,1008,,,183454,6487,833,China
1995,4267,2003,32.2,1210,,,287572,8918,1438,China
1996,5119,3792,45.2,2194,,,616413,13646,2541,China
1997,6447,6444,36.9,2071,,,647595,17551,2590,China
1998,6170,5710,25.7,2060,,,422440,16413,2472,China
1999,7200,8017,28.5,4344,58617072,427.41,663583,23247,3687,China
2000,8840,13105,32,5937,121733125,319.54,1074503,33538,5655,China
2001,12492,22492,34.7,10866,165622324,326.5,1847582,53187,7337,China
2002,17922,29486,41.6,19050,294061506,266.2,3186901,76535,10078,China
2003,15474,26928,34.7,13366,268215958,204.53,2289895,66043,10276,China
2004,20386,40998,20.7,11537,276967002,186.31,1755148,84879,11958,China
2005,19635,45233,18.1,11821,255618504,212.3,1599061,88465,11776,China
2006,22990,57903,16.2,12717,302890999,239.12,1720438,106236,12626,China
2007,19009,75716,14.6,11818,318791571,276.2,1769989,121315,14772,China
2008,11660,75010,16.1,11617,299588686,261.97,1820002,112902,14614,China
2009,10168,65573,20.2,10521,351549815,305.95,2078252,102709,16447,China
2010,10869,82623,19.3,10973,397379495,234.36,2385764,123412,18947,China
2011,12509,98193,18.2,13950,475143448,274.92,2649044,145928,21276,China
2012,15791,140952,16,16994,685768139,265.6,3173933,197781,24044,China
2013,12945,169694,17.1,18222,693577916,295.22,3916932,229543,28681,China
2014,11888,195288,18.4,22270,1025321636,305.05,4882252,265222,35776,China
2015,13244,272698,17.3,29722,1667717166,464.65,6165010,356211,40547,China
2016,14811,311299,17.6,35558,1653203637,297.29,7225170,409567,47899,China
2017,15434,314933,18.1,35614,1464194256,265.47,7593390,419038,53057,China
2018,14049,348920,18.3,37566,1727791137,337.83,8428840,461055,60520,China
2019,14339,389497,18.4,41685,1935703649,339.3,9396956,511871,66350,China
2020,14723,426635,18.4,46802,2147669147,340.84,10362277,562145,73985,China
2021,15226,466480,18.5,52152,2362674276,342.44,11395308,615669,81811,China
2022,15650,509490,18.6,57780,2589007236,344.08,12508443,673058,90137,China
2023,16132,554644,18.7,63865,2823290662,345.8,13692759,733777,99136,China
2024,16635,603600,18.7,70575,3064107713,347.64,14989410,799974,109163,China
1979,788,3960,21.5,528,,,127520,5920,644,Germany
1980,856,5560,25.5,628,,,198992,7804,760,Germany
1981,1060,5940,31.5,652,,,274775,8725,1073,Germany
1982,1176,6184,32.4,528,,,290532,8968,1080,Germany
1983,1276,6712,30.9,492,,,294008,9528,1048,Germany
1984,1404,6415,30.7,460,,,292396,9511,1232,Germany
1985,1688,7304,30,488,,,319808,10656,1176,Germany
1986,1642,8355,34.1,650,,,410665,12040,1393,Germany
1987,1406,12096,35,972,,,575025,16438,1964,Germany
1988,1670,15002,31.1,1295,,,625607,20111,2144,Germany
1989,1599,18431,31.2,1418,,,740392,23768,2320,Germany
1990,1414,24209,29.5,1769,,,884550,29973,2581,Germany
1991,1251,27628,33,2525,,,1133327,34298,2894,Germany
1992,1121,37914,30.1,3146,,,1375924,45705,3524,Germany
1993,1491,47343,28,3976,,,1572004,56162,3352,Germany
1994,1470,49782,27.2,4273,,,1612449,59254,3729,Germany
1995,1795,44855,28.4,3842,,,1559709,54937,4445,Germany
1996,1849,40698,29.7,2812,,,1480232,49921,4562,Germany
1997,1832,37090,29.3,3138,,,1369057,46697,4637,Germany
1998,2296,35740,27.2,3564,,,1264830,46484,4883,Germany
1999,2061,36463,29.8,2889,161324770,167.21,1378910,46251,4838,Germany
2000,2346,40647,31.2,3052,217539951,143.42,1606548,51555,5510,Germany
2001,1993,41938,32,3559,231821976,159.11,1681122,52494,5004,Germany
2002,2640,37616,35.6,3105,225836912,178.71,1741873,48942,5581,Germany
2003,2592,40137,37.5,3578,253972850,177.79,1970519,52575,6268,Germany
2004,2310,41582,38.6,4572,221856990,140.89,2165559,56049,7585,Germany
2005,2511,42069,39.7,5105,249330830,139.41,2301215,57972,8287,Germany
2006,2919,42670,42.6,5821,272008723,164.12,2546067,59704,8294,Germany
2007,3258,41799,43.9,5976,263397551,139.93,2634715,60023,8990,Germany
2008,3571,43026,43.5,6896,269351661,135.84,2722999,62598,9105,Germany
2009,2946,45653,45.7,6873,336478183,145.87,2966323,64843,9371,Germany
2010,3487,45609,44.2,7372,262807827,148.96,2877592,65038,8570,Germany
2011,3143,43362,50.4,7650,242749480,129.32,3220851,63893,9738,Germany
2012,3051,43730,50.2,7147,215270983,116.97,3210584,64014,10086,Germany
2013,3610,47807,52.8,8229,258883798,109.73,3696682,70013,10367,Germany
2014,3012,56704,50.8,8396,407919299,105.8,4013255,79023,10911,Germany
2015,3427,62190,54.4,8615,492069352,122.02,4600416,84608,10376,Germany
2016,3702,71496,50.3,8960,575656338,114.02,4884376,97012,12854,Germany
2017,3707,78783,45.5,9403,500481485,95.07,4787204,105181,13289,Germany
2018,4137,79999,45.3,10254,520398606,106.77,4861321,107259,12869,Germany
2019,4420,84542,45.6,11105,554416322,106.8,5180681,113651,13584,Germany
2020,4719,89402,45.5,11979,590435772,106.8,5477955,120424,14324,Germany
2021,5013,94102,45.6,12849,625681353,106.81,5786126,126998,15035,Germany
2022,5321,99066,45.6,13758,663310893,106.81,6104832,133932,15786,Germany
2023,5621,103801,45.6,14654,701471374,106.81,6412724,140575,16499,Germany
2024,5937,108762,45.6,15604,740030391,106.81,6733475,147547,17243,Germany
1979,144,152,38.1,96,,,18876,496,104,India
1980,104,180,34.2,180,,,19440,568,104,India
1981,144,189,30.1,192,,,21234,705,180,India
1982,132,96,34.2,148,,,17092,500,124,India
1983,140,184,57.5,152,,,36556,636,160,India
1984,236,124,58.4,148,,,42256,724,216,India
1985,228,260,64,204,,,58920,920,228,India
1986,316,387,58,228,,,80506,1387,456,India
1987,259,488,45.1,269,,,72239,1603,587,India
1988,238,584,42.5,323,,,86551,2038,893,India
1989,251,773,54.8,324,,,168809,3078,1730,India
1990,398,439,39.3,642,,,86093,2190,711,India
1991,229,569,31,283,,,46298,1495,414,India
1992,330,640,36.6,263,,,66310,1810,577,India
1993,242,618,36.7,406,,,61057,1665,399,India
1994,499,914,29.2,453,,,69394,2373,507,India
1995,510,1193,42.7,699,,,136718,3202,800,India
1996,624,1917,28.2,836,,,120467,4269,892,India
1997,691,2117,32.9,844,,,156637,4764,1112,India
1998,597,2484,35.4,1095,,,188075,5316,1140,India
1999,911,3100,34.8,1068,,,229666,6604,1525,India
2000,803,4364,38.2,1226,,,318692,8333,1941,India
2001,1034,6253,44.6,2453,,,564520,12667,2927,India
2002,1131,8560,45.4,3311,,,784511,17274,4272,India
2003,987,6899,52.6,2079,,,778807,14804,4839,India
2004,1300,6855,52.3,1952,,,825609,15779,5671,India
2005,1210,8241,47.9,2888,,,857646,17891,5552,India
2006,1608,9699,44.2,3040,,,900819,20362,6016,India
2007,1417,9599,46.2,4382,,,1013956,21945,6547,India
2008,2015,9498,48.9,4866,,,1171531,23961,7583,India
2009,2159,12111,46.2,4281,,,1174688,25449,6898,India
2010,1984,14306,40.7,5362,,,1207979,29649,7997,India
2011,1649,12917,43.7,5619,,,1238972,28342,8157,India
2012,1927,14953,39.6,5043,,,1186390,29970,8048,India
2013,2116,14729,42.9,5183,,,1332612,31060,9032,India
2014,2084,17302,50.3,6793,,,1884398,37442,11264,India
2015,2514,22244,48.6,7944,,,2236152,46041,13339,India
2016,2420,25893,47.1,7867,,,2455955,52094,15914,India
2017,2615,28881,50.5,9563,,,3108614,61609,20550,India
2018,2839,32667,50.4,10417,,,3497781,69383,23460,India
2019,3019,35818,50.7,11169,,,3842972,75780,25775,India
2020,3176,38952,51,12124,,,4187779,82189,27938,India
2021,3342,42254,51.1,13057,,,4532378,88611,29958,India
2022,3494,45495,51.3,13987,,,4876951,95046,32071,India
2023,3647,48823,51.4,14929,,,5221675,101494,34095,India
2024,3798,52156,51.6,15877,,,5566715,107955,36123,India
1979,120,960,15.9,216,,,23332,1468,172,Indonesia
1980,200,1112,16.8,188,,,28452,1696,196,Indonesia
1981,185,1157,16.2,256,,,29152,1794,196,Indonesia
1982,144,1169,21.6,168,,,37930,1753,272,Indonesia
1983,136,1096,21.7,196,,,35500,1636,208,Indonesia
1984,160,1224,19.4,204,,,35660,1840,252,Indonesia
1985,188,1440,19.6,144,,,40021,2041,269,Indonesia
1986,227,1908,18.4,199,,,47508,2587,253,Indonesia
1987,154,2160,18.2,242,,,51711,2849,293,Indonesia
1988,249,3400,15.4,398,,,68518,4457,410,Indonesia
1989,312,2821,14.7,442,,,60503,4124,549,Indonesia
1990,303,3755,16.1,374,,,80210,4974,542,Indonesia
1991,310,4018,14.1,715,,,80046,5658,615,Indonesia
1992,460,5163,15.2,960,,,109818,7204,621,Indonesia
1993,345,7598,13.6,825,,,132219,9720,952,Indonesia
1994,372,9176,15,1199,,,178479,11878,1131,Indonesia
1995,565,9568,14,1701,,,180601,12934,1100,Indonesia
1996,531,9410,15.3,1455,,,196345,12820,1424,Indonesia
1997,672,8185,18.3,1535,,,220365,12027,1635,Indonesia
1998,497,3486,26.6,881,,,175291,6583,1718,Indonesia
1999,474,3118,23.5,1083,,,145578,6208,1533,Indonesia
2000,641,6008,17.1,918,,,154991,9058,1492,Indonesia
2001,573,6037,19.7,1243,,,190243,9657,1804,Indonesia
2002,549,4980,24.1,1141,,,198830,8250,1580,Indonesia
2003,617,5045,18.5,1119,,,158047,8566,1785,Indonesia
2004,829,4190,21,1056,,,169338,8058,1983,Indonesia
2005,608,3899,21.1,1026,,,153087,7261,1727,Indonesia
2006,743,2916,30.1,1307,,,209420,6963,1997,Indonesia
2007,613,3385,31.7,2016,,,247001,7791,1777,Indonesia
2008,681,3611,31.4,1440,,,238442,7605,1873,Indonesia
2009,852,4836,25.6,1988,,,244043,9549,1873,Indonesia
2010,674,5490,23.5,1761,,,231021,9843,1918,Indonesia
2011,772,6821,21.9,1843,,,251464,11483,2046,Indonesia
2012,787,7599,17.4,1880,,,214583,12305,2040,Indonesia
2013,658,8946,18.8,2230,,,259024,13742,1908,Indonesia
2014,816,10253,18.8,2116,,,287359,15316,2132,Indonesia
2015,800,10730,19.6,2194,,,317390,16190,2466,Indonesia
2016,946,13465,16,2516,,,315341,19668,2741,Indonesia
2017,979,17244,17.5,2968,,,419520,23935,2744,Indonesia
2018,932,22084,18.5,2936,,,531353,28711,2759,Indonesia
2019,1017,25805,18.8,3236,,,619957,33004,2946,Indonesia
2020,1056,28800,19,3428,,,690006,36304,3020,Indonesia
2021,1092,31794,19.1,3615,,,756231,39580,3080,Indonesia
2022,1133,35034,19.2,3825,,,827704,43142,3150,Indonesia
2023,1170,38204,19.2,4025,,,897008,46600,3201,Indonesia
2024,1211,41595,19.3,4245,,,971203,50311,3261,Indonesia
1979,2640,11452,9.3,1356,,,145528,15724,276,Japan
1980,3288,14056,11.5,1460,,,219836,19196,392,Japan
1981,3508,20404,9.7,1420,,,249320,25736,404,Japan
1982,3593,21844,9,1536,,,244760,27333,360,Japan
1983,4088,26548,9.9,1345,,,320464,32481,500,Japan
1984,4856,35148,8.9,1432,,,374048,41888,452,Japan
1985,5480,42464,9.2,1608,,,464908,50264,712,Japan
1986,5544,54111,12.1,2144,,,757662,62656,857,Japan
1987,5756,65094,11.2,4114,,,852088,76150,1186,Japan
1988,5924,80469,12.2,5546,,,1142120,93789,1850,Japan
1989,6391,82625,11.3,6359,,,1102460,97322,1947,Japan
1990,6372,91274,11.2,7747,,,1205033,107840,2447,Japan
1991,5806,98151,11.3,7754,,,1298393,114718,3007,Japan
1992,5148,112798,11.3,7556,,,1456413,128962,3460,Japan
1993,5211,120342,12.5,6271,,,1699407,135934,4110,Japan
1994,6110,130136,12.7,7513,,,1884087,148162,4403,Japan
1995,6076,132630,13.4,7372,,,2025050,151543,5465,Japan
1996,6050,144688,13.8,8499,,,2279431,165014,5777,Japan
1997,5626,140313,14.6,8785,,,2347177,161055,6331,Japan
1998,5776,133089,14.6,7035,,,2230810,152997,7097,Japan
1999,5665,125535,15.3,8370,681416865,448.44,2249801,147362,7792,Japan
2000,6399,127790,15.6,8303,779201624,588.06,2362447,151564,9072,Japan
2001,5670,123563,16.6,10183,671839206,448.51,2482554,149114,9698,Japan
2002,6452,143001,15.6,11973,779852826,441.45,2704740,173563,12137,Japan
2003,7113,120948,17.9,11189,490982163,312.9,2704629,150979,11729,Japan
2004,7026,131682,15.2,13100,555488868,358.16,2521023,165982,14174,Japan
2005,7580,122690,14.3,13020,492033773,375.86,2236322,156075,12785,Japan
2006,6409,106324,15,12544,419601700,340.13,2055334,137135,11858,Japan
2007,5682,95957,15,10668,392157801,410.62,1830608,122165,9858,Japan
2008,6089,77026,16.4,10716,436674215,327.73,1690284,102950,9119,Japan
2009,5036,56650,17.3,8603,322275132,355.06,1361889,78772,8483,Japan
2010,5924,63396,16.7,10538,288811845,400.46,1471058,88228,8370,Japan
2011,4698,45550,18.7,9835,221995507,338.22,1296318,69156,9073,Japan
2012,5251,47849,18.4,10567,226713771,282.04,1327758,72357,8690,Japan
2013,4926,48343,17.8,13187,214154879,264.57,1333410,74766,8311,Japan
2014,5912,51494,17.5,14868,199351973,150.03,1422033,81247,8973,Japan
2015,6070,58479,16.5,14204,233848452,132.03,1441911,87400,8647,Japan
2016,6329,70132,15.8,15047,287449094,222.97,1599186,100901,9392,Japan
2017,6627,68234,15.8,16286,271011525,199.65,1612029,102330,11183,Japan
2018,6285,74678,15.6,16002,295445129,201.18,1676715,107723,10758,Japan
2019,6391,79339,15.6,16594,316007106,209.71,1762144,113170,10846,Japan
2020,6551,83911,15.6,17317,330633064,210.38,1850934,118867,11088,Japan
2021,6650,88402,15.6,17964,343857538,208.66,1934647,124231,11216,Japan
2022,6724,93220,15.6,18610,354105958,211.03,2021950,129822,11269,Japan
2023,6844,97871,15.6,19235,361122361,212.65,2109080,135399,11448,Japan
2024,7004,102186,15.6,19863,368343164,213.18,2193700,140810,11757,Japan
1979,272,96,13.3,184,,,7556,568,16,Korea
1980,196,100,31.5,168,,,15744,500,36,Korea
1981,208,220,11.1,256,,,7936,716,32,Korea
1982,392,176,40.9,132,,,30136,736,36,Korea
1983,592,360,53.8,268,,,67296,1252,32,Korea
1984,336,292,39.3,328,,,40372,1028,72,Korea
1985,440,476,18.3,180,,,20912,1140,44,Korea
1986,405,434,35.8,238,,,40891,1141,64,Korea
1987,616,813,38.3,545,,,77255,2018,44,Korea
1988,522,1317,29,515,,,71833,2473,119,Korea
1989,491,1377,39.1,814,,,111308,2845,163,Korea
1990,753,1923,44.8,1285,,,187351,4184,223,Korea
1991,795,4385,19.7,844,,,125363,6369,345,Korea
1992,851,10141,12.6,1191,,,160941,12757,574,Korea
1993,1229,23148,9.5,1704,,,260838,27340,1259,Korea
1994,2258,53218,8.2,2899,,,505942,61583,3208,Korea
1995,2514,91540,8.3,4526,,,871484,104389,5809,Korea
1996,2505,110262,8.7,7025,,,1110330,127356,7564,Korea
1997,2300,92263,9.6,5708,,,1034488,108272,8001,Korea
1998,1320,9326,24.3,1714,,,430217,17692,5331,Korea
1999,2022,29445,17.9,3984,102722020,325.13,773735,43244,7793,Korea
2000,2187,47117,18,5986,155601085,447.07,1199069,66674,11384,Korea
2001,2473,58532,22.3,8465,207799066,165.84,1944573,87187,17716,Korea
2002,3383,72585,21.3,11845,263260647,221.56,2341381,109936,22123,Korea
2003,3120,75428,19.5,10266,384866525,246.38,2202670,112755,23941,Korea
2004,2943,80502,15.9,9311,293058425,298.42,1819682,114547,21791,Korea
2005,3325,79859,15.5,11673,259949992,213.97,1746958,112844,17988,Korea
2006,3145,77910,17.1,14160,259646901,250.55,1919109,111934,16719,Korea
2007,2804,69315,18.6,12912,255089318,285.57,1858558,99870,14839,Korea
2008,2836,50396,22.7,12254,203304135,228.58,1806462,79412,13926,Korea
2009,2419,28676,27.5,10575,145700389,127.9,1461344,53157,11487,Korea
2010,2462,41337,23.4,11180,129674373,216.66,1586677,67685,12705,Korea
2011,2525,33189,22.2,8198,154696366,349.21,1174935,52936,9024,Korea
2012,2312,34721,20.2,7565,123707753,278.3,1069914,53093,8495,Korea
2013,2229,33551,20.3,7267,132175457,269.76,1037314,51133,8086,Korea
2014,2564,36803,18.4,8106,145445339,256.76,1020723,55564,8091,Korea
2015,2402,44421,18.5,9160,163920185,184.93,1206341,65045,9062,Korea
2016,2260,59686,17.3,10015,298829690,415.26,1424624,82507,10545,Korea
2017,3128,66381,15.5,9946,223645206,245.06,1412811,91424,11969,Korea
2018,2745,73071,15.5,10833,283923037,310.3,1530341,98780,12132,Korea
2019,2856,78348,15.5,11318,307449171,310.64,1629420,105204,12683,Korea
2020,3174,83194,15.5,11625,329382072,310.94,1718044,111014,13022,Korea
2021,3138,87256,15.5,11837,347689223,311.23,1787795,115491,13260,Korea
2022,3197,90541,15.5,11911,363341046,311.47,1840140,118991,13342,Korea
2023,3361,93744,15.4,11970,379114488,311.68,1892175,122483,13408,Korea
2024,3355,97203,15.4,12046,395399462,311.87,1946012,126095,13492,Korea
1979,9640,37268,29.4,15580,,,2387308,78332,15844,Other excl India and Indonesia
1980,11593,38697,32.9,15198,,,2848936,82977,17489,Other excl India and Indonesia
1981,11796,40285,31.7,16040,,,2903245,87274,19153,Other excl India and Indonesia
1982,13250,40182,32.3,13560,,,2997774,88107,21115,Other excl India and Indonesia
1983,12997,39569,33.8,13202,,,3106107,85937,20169,Other excl India and Indonesia
1984,13429,43251,31.5,11780,,,3048578,89343,20883,Other excl India and Indonesia
1985,14985,51253,30.9,15071,,,3503805,104658,23349,Other excl India and Indonesia
1986,14921,63888,31,17038,,,4357134,126491,30644,Other excl India and Indonesia
1987,14156,70634,31.9,31879,,,5465671,156575,39906,Other excl India and Indonesia
1988,15522,70378,30.4,46370,,,5933856,180683,48413,Other excl India and Indonesia
1989,15803,83698,28.2,50735,,,5994443,197638,47402,Other excl India and Indonesia
1990,18307,87120,28.9,54937,,,6401008,205945,45581,Other excl India and Indonesia
1991,15618,89417,26.7,44159,,,5585482,191575,42381,Other excl India and Indonesia
1992,17562,109244,25.6,45000,,,6089590,219216,47410,Other excl India and Indonesia
1993,18833,151046,24.6,41707,,,7075197,264260,52674,Other excl India and Indonesia
1994,22379,185606,24.4,49366,,,8362655,318674,61323,Other excl India and Indonesia
1995,23509,191071,24.6,58574,,,9007134,345204,72050,Other excl India and Indonesia
1996,25123,201261,25.6,73811,,,10433864,382836,82641,Other excl India and Indonesia
1997,24761,184203,27.8,72676,972986980,126.33,10130588,364862,83222,Other excl India and Indonesia
1998,26308,173235,26.6,74658,977840461,145.13,9640595,361837,87636,Other excl India and Indonesia
1999,28009,195963,26.4,78012,1209689023,183.13,10433917,394648,92663,Other excl India and Indonesia
2000,28644,217403,27,76394,1385488497,202.31,11562033,428429,105988,Other excl India and Indonesia
2001,30564,217433,28.8,89423,1499343470,209.95,12865063,446179,108759,Other excl India and Indonesia
2002,30811,227020,29.6,97128,1822768509,241.02,13664239,462115,107155,Other excl India and Indonesia
2003,28864,211475,30.1,92651,1417026330,147.98,13488220,448278,115289,Other excl India and Indonesia
2004,31455,217720,28.3,87749,1474784455,144.53,13108600,462567,125644,Other excl India and Indonesia
2005,33824,219436,29,80001,1489087397,151.38,13459512,463609,130348,Other excl India and Indonesia
2006,33716,221735,30.2,85763,1608618617,137.88,14305799,473268,132054,Other excl India and Indonesia
2007,33851,222837,30.7,95325,1799993264,133.12,15124182,492502,140488,Other excl India and Indonesia
2008,33645,224531,32.4,97127,1646105587,137.63,16411158,506084,150781,Other excl India and Indonesia
2009,30569,228400,32.4,92936,1683991416,132.23,16167773,499568,147664,Other excl India and Indonesia
2010,31800,238577,31.6,96754,1439808411,124.95,16065573,508857,141726,Other excl India and Indonesia
2011,32574,264005,31.1,111223,1791886416,128.78,17578059,565773,157972,Other excl India and Indonesia
2012,31384,228305,30.5,103274,1374121039,120.5,15951169,522932,159969,Other excl India and Indonesia
2013,31972,242036,30.4,108192,1408229223,123.59,16455998,541386,159186,Other excl India and Indonesia
2014,33261,257282,32.3,115195,1520340584,119.05,18185824,562863,157125,Other excl India and Indonesia
2015,32430,280092,32.2,120649,1945932802,133.01,19274826,599063,165893,Other excl India and Indonesia
2016,33409,347813,30.2,131255,2164100336,144.97,20996870,696205,183728,Other excl India and Indonesia
2017,35007,381055,29,135396,2580677283,162.19,21620649,746774,195316,Other excl India and Indonesia
2018,34411,403544,28.9,137317,2403169061,152.71,22606379,781682,206410,Other excl India and Indonesia
2019,33910,419008,29,141735,2492742605,151.65,23433202,807400,212746,Other excl India and Indonesia
2020,34935,433589,29.1,145549,2505018649,149,24240266,833379,219306,Other excl India and Indonesia
2021,35371,448685,29.1,149271,2556932148,149.23,25018526,858997,225670,Other excl India and Indonesia
2022,35711,463919,29.1,152788,2588614429,149.29,25787496,884698,232279,Other excl India and Indonesia
2023,36402,479171,29.2,156079,2630635892,149.29,26549465,910418,238766,Other excl India and Indonesia
2024,36820,494690,29.2,159253,2667378233,149.27,27307944,936186,245423,Other excl India and Indonesia
1979,10384,40112,29.2,16324,,,2429516,83248,16428,Other incl India and Indonesia
1980,12445,42261,32.6,15838,,,2896828,88809,18265,Other incl India and Indonesia
1981,12845,44287,31.4,16864,,,2953631,94101,20105,Other incl India and Indonesia
1982,14290,44511,32.1,14272,,,3052796,95160,22087,Other incl India and Indonesia
1983,14125,45088,33.7,13806,,,3178163,94228,21209,Other incl India and Indonesia
1984,14737,50015,31.5,12576,,,3126494,99327,21999,Other incl India and Indonesia
1985,16401,59465,31,15771,,,3602746,116191,24554,Other incl India and Indonesia
1986,16626,77691,31,18078,,,4485148,144646,32251,Other incl India and Indonesia
1987,15823,84335,31.8,33740,,,5589621,175959,42061,Other incl India and Indonesia
1988,17276,84806,30.2,48420,,,6088925,201857,51355,Other incl India and Indonesia
1989,17585,98427,28.3,52470,,,6223755,219648,51166,Other incl India and Indonesia
1990,20425,102805,28.8,57017,,,6567311,228316,48069,Other incl India and Indonesia
1991,17725,107216,26.4,46328,,,5711826,216070,44801,Other incl India and Indonesia
1992,20216,129252,25.3,47618,,,6265718,247274,50188,Other incl India and Indonesia
1993,21199,177798,24.3,44686,,,7268473,299528,55845,Other incl India and Indonesia
1994,25754,213305,24.1,52706,,,8610528,356709,64944,Other incl India and Indonesia
1995,27017,216940,24.4,62265,,,9324453,382672,76450,Other incl India and Indonesia
1996,29473,228835,25.3,78008,,,10750676,424110,87794,Other incl India and Indonesia
1997,29440,213539,26.6,77196,,,10896469,409180,89005,Other incl India and Indonesia
1998,31005,196821,25.9,79071,,,10364310,400484,93586,Other incl India and Indonesia
1999,33379,226306,25.5,82694,1368014669,188.7,11263644,441373,98994,Other incl India and Indonesia
2000,34433,253014,26,80823,1567631875,203.71,12535012,481579,113309,Other incl India and Indonesia
2001,36492,251909,28.1,95562,1719062881,218.88,14074219,501319,117356,Other incl India and Indonesia
2002,36531,262902,29,104762,2063740229,227.26,15131781,521666,117471,Other incl India and Indonesia
2003,34819,245332,29.5,97740,1657783506,144.64,14888716,504281,126390,Other incl India and Indonesia
2004,38508,249773,28,93269,1657330004,134.33,14544485,519532,137981,Other incl India and Indonesia
2005,40712,248510,28.6,86929,1634125938,141.35,14839485,518700,142549,Other incl India and Indonesia
2006,41598,249827,29.9,92831,1784026062,138.31,15824283,528900,144644,Other incl India and Indonesia
2007,40648,249394,30.6,105109,1926426394,136.05,16791163,549189,154038,Other incl India and Indonesia
2008,41504,252645,32.2,107090,1811323754,135.86,18242583,566621,165382,Other incl India and Indonesia
2009,38061,261807,31.9,102317,1856625640,133.92,17998395,564277,162092,Other incl India and Indonesia
2010,39535,274542,31,107788,1636093236,129.14,17954755,578826,156961,Other incl India and Indonesia
2011,40241,306608,30.4,122519,1986667022,133.49,19603041,644384,175016,Other incl India and Indonesia
2012,39238,272048,29.7,113971,1590467313,128.38,17862261,601755,176498,Other incl India and Indonesia
2013,40023,291326,29.6,119568,1707999030,134.88,18632223,628550,177633,Other incl India and Indonesia
2014,42585,312955,31.7,128765,1828053211,130.22,21032474,662533,178227,Other incl India and Indonesia
2015,41620,345715,31.7,134053,2339213613,139.67,22543543,710917,189528,Other incl India and Indonesia
2016,42703,426197,29.7,145388,2533307441,153.88,24543531,825422,211134,Other incl India and Indonesia
2017,45211,466194,29.1,152420,2954618535,169.54,25920435,891017,227192,Other incl India and Indonesia
2018,44445,502712,29.2,154696,2852962543,165.47,27509031,943180,241327,Other incl India and Indonesia
2019,43484,532020,29.3,159638,2980196651,164.98,28836467,984352,249210,Other incl India and Indonesia
2020,44793,555625,29.4,164666,3024231814,163.13,30110010,1023451,258366,Other incl India and Indonesia
2021,45621,579929,29.5,169637,3109152686,163.97,31350854,1062380,267193,Other incl India and Indonesia
2022,46274,604498,29.6,174382,3174200251,164.73,32585114,1101495,276340,Other incl India and Indonesia
2023,47278,628836,29.6,178904,3248880825,165.34,33805348,1140230,285212,Other incl India and Indonesia
2024,48002,653802,29.7,183333,3319904430,165.99,35029067,1179418,294282,Other incl India and Indonesia
1979,480,1732,,432,,,,2952,308,Singapore
1980,548,2272,,272,,,,3568,476,Singapore
1981,720,2656,,376,,,,4328,576,Singapore
1982,764,3064,,396,,,,4800,576,Singapore
1983,852,4239,,256,,,,6019,672,Singapore
1984,912,5416,,444,,,,7420,648,Singapore
1985,1000,6512,,352,,,,8572,708,Singapore
1986,1162,11508,,613,,,,14181,898,Singapore
1987,1254,11053,,1350,,,,14932,1275,Singapore
1988,1267,10444,,1329,,,,14679,1639,Singapore
1989,1219,11135,,969,,,,14808,1485,Singapore
1990,1417,11491,,1064,,,,15207,1235,Singapore
1991,1568,13212,,1171,,,,17342,1391,Singapore
1992,1864,14205,,1395,,,,19044,1580,Singapore
1993,1779,18536,,1748,,,,23883,1820,Singapore
1994,2504,17609,,1688,,,,23784,1983,Singapore
1995,2433,15108,,1291,,,,21332,2500,Singapore
1996,3195,16247,,1906,,,,24185,2837,Singapore
1997,3316,19034,14.1,2141,,,388879,27527,3036,Singapore
1998,3603,17617,13.5,2437,,,360349,26748,3091,Singapore
1999,3985,24126,13.4,2530,99363769,241.65,454483,33913,3272,Singapore
2000,4345,25241,14,2285,113158099,369.01,499294,35759,3888,Singapore
2001,4321,22187,13.8,2443,123926723,307.22,454393,32816,3865,Singapore
2002,4039,22343,14.2,3181,95543900,274.02,484200,34027,4464,Singapore
2003,4351,21914,14.2,1891,104271080,223.82,463642,32633,4478,Singapore
2004,4924,21008,13.3,2512,72866644,198.28,440939,33128,4684,Singapore
2005,5070,16933,12.3,3014,60045705,138.27,369240,29939,4921,Singapore
2006,5531,15478,14.4,2721,70426980,203.89,408245,28307,4577,Singapore
2007,4767,13572,15.1,3385,75517730,240.48,406024,26951,5226,Singapore
2008,5163,15004,14.5,3658,81010340,227.21,421453,28971,5146,Singapore
2009,4481,16461,13.9,3112,88132602,287.22,411891,29711,5657,Singapore
2010,5077,16169,14.8,3911,77808173,206.83,450182,30477,5321,Singapore
2011,5246,22865,13.8,3834,94570033,239.44,534546,38786,6841,Singapore
2012,5140,21192,14,3774,98929132,183.96,510119,36548,6442,Singapore
2013,5277,25615,13.8,3963,145026107,263.06,584589,42362,7507,Singapore
2014,6424,28119,14.4,4662,167662281,296.62,674893,46912,7707,Singapore
2015,5876,32650,14.4,3266,238374041,273.22,715174,49623,7830,Singapore
2016,5928,39026,13.5,3750,248076724,235.41,775365,57455,8751,Singapore
2017,6610,39014,13.1,4493,224815936,230.89,771652,58699,8583,Singapore
2018,6263,44416,13.8,4026,266482540,264.49,873517,63404,8699,Singapore
2019,5538,51390,13.8,3497,286645670,264.52,940335,68168,7743,Singapore
2020,5625,54285,13.9,3565,301677668,264.5,991958,71578,8103,Singapore
2021,5816,57196,13.9,3694,317275226,264.49,1043719,75191,8485,Singapore
2022,5935,60050,13.9,3782,332053999,264.47,1092964,78608,8841,Singapore
2023,6059,62638,13.9,3872,345542166,264.46,1137200,81718,9150,Singapore
2024,6173,65360,13.9,3957,359494144,264.45,1183205,84965,9475,Singapore
1979,4360,8444,48.9,3800,,,1583700,32364,15760,UK
1980,4632,8824,46.8,2680,,,1596450,34101,17965,UK
1981,4769,10152,46.3,2389,,,1763907,38072,20762,UK
1982,5352,10316,46.7,2016,,,1771664,37931,20247,UK
1983,5728,11308,44.3,1672,,,1731084,39096,20388,UK
1984,5888,12448,43.2,1764,,,1736097,40209,20109,UK
1985,6092,14155,43.4,2248,,,1893624,43612,21117,UK
1986,6099,18381,43.1,2601,,,2138679,49671,22590,UK
1987,6894,22066,42.1,3859,,,2569100,61048,28229,UK
1988,7300,25409,40,4739,,,2909375,72704,35256,UK
1989,6281,27064,38.5,5645,,,2859680,74337,35347,UK
1990,6680,33101,36.6,7326,,,3192891,87255,40148,UK
1991,5664,36318,35.7,6937,,,3137433,87944,39025,UK
1992,6483,39137,32.8,6283,,,3169126,96523,44620,UK
1993,6118,46894,32.6,6275,,,3370108,103387,44100,UK
1994,7630,53234,31.7,8716,,,3675212,116067,46487,UK
1995,8529,56647,31.9,8945,,,3901950,122399,48278,UK
1996,8705,64941,31.8,8814,,,4336376,136485,54025,UK
1997,8599,72857,30.4,9121,,,4509302,148181,57604,UK
1998,8919,70878,30.6,10294,,,4745547,155302,65211,UK
1999,8106,81534,31,10137,700717226,164.48,5210637,168289,68513,UK
2000,9282,97795,29.3,9019,804202647,166.12,5884459,200598,84502,UK
2001,9240,108826,30.6,9134,954471439,170.32,6481145,211695,84495,UK
2002,9068,128167,31.8,8968,1233212441,192.17,7533670,236924,90721,UK
2003,9400,143354,31.6,10596,1213377876,164.26,8385767,265034,101684,UK
2004,9897,150682,30.9,12059,1229451223,154.2,8799084,285206,112568,UK
2005,11695,167669,29.7,13220,1411649631,183.43,9183716,309156,116572,UK
2006,12377,150990,30.2,12240,1258006002,162.57,8949575,296555,120948,UK
2007,12082,147369,29.4,11461,1381028822,151.25,8646567,293973,123062,UK
2008,11571,144452,29.8,12501,1315742135,165.21,8528653,286400,117876,UK
2009,10254,124492,29.6,9297,1142780669,159.42,7670609,259564,115521,UK
2010,10269,111039,29.2,9588,939048340,139.26,6887235,235704,104809,UK
2011,10427,103349,28.9,11013,834408756,143.97,6674478,230947,106158,UK
2012,9780,72188,29.9,9315,662751217,122.33,5689429,190338,99054,UK
2013,10027,76258,30,9594,611881891,129.81,5774010,192220,96341,UK
2014,10013,77372,29,9806,784129250,142.63,5651637,194689,97497,UK
2015,9833,85716,28.3,9865,1054898600,177.28,5777359,204112,98698,UK
2016,10270,96023,28.5,10624,927921439,132.23,6296635,221316,104398,UK
2017,10623,116309,26,12628,1039359945,152.32,6507430,250019,110459,UK
2018,10240,110128,28.9,11215,956903427,152.34,7011355,242405,110822,UK
2019,10845,114255,29,11904,988624189,152.84,7378401,254506,117502,UK
2020,11411,117507,29,12364,1021396475,158.4,7683012,264666,123385,UK
2021,11894,119637,29,12774,1055255142,157.75,7909975,272586,128281,UK
2022,12403,121812,29,13186,1090236203,160.64,8139485,280742,133341,UK
2023,12936,123999,29,13618,1126376864,163.11,8374842,289142,138588,UK
2024,13494,126199,28.9,14066,1163715567,164.54,8616844,297794,144035,UK
1979,6428,38276,17,10328,,,1020708,60216,5184,US
1980,8304,54235,16.6,9100,,,1292327,77800,6161,US
1981,8941,53950,17.4,7330,,,1337897,76798,6577,US
1982,9758,53096,17,6368,,,1298716,76314,7092,US
1983,10556,60196,16.6,7544,,,1435936,86720,8424,US
1984,11092,73069,15.4,7880,,,1555712,101032,8991,US
1985,10397,93384,16,8320,,,1965614,122960,10859,US
1986,11130,120210,14.8,11243,,,2285043,153974,11391,US
1987,11017,138173,13.6,18945,,,2448551,180354,12219,US
1988,13383,123357,13.5,16990,,,2258196,167525,13795,US
1989,12244,97126,14.7,14754,,,2019744,137509,13385,US
1990,13201,95846,15.2,15955,,,2127440,139664,14662,US
1991,11439,88207,14.3,17804,,,1903738,132690,15240,US
1992,13350,85551,15,14865,,,1973664,131357,17591,US
1993,13649,98385,15,14502,,,2153334,143596,17060,US
1994,15066,107729,14.9,17461,,,2366982,158493,18237,US
1995,16491,100669,15.1,16490,,,2304490,152203,18553,US
1996,18090,93137,15.5,15138,,,2284294,147389,21024,US
1997,18944,87390,15.6,15378,,,2242826,143577,21865,US
1998,19447,99872,15.4,18465,,,2504356,162361,24578,US
1999,20952,116086,16.5,16747,626640216,316.11,2979679,180907,27122,US
2000,20745,125047,15.5,18511,881268177,349.23,3034510,196078,31775,US
2001,17634,119084,17.1,19060,950849051,353.4,3201012,187421,31643,US
2002,18916,132750,17.3,19154,910772954,354.79,3550365,205254,34434,US
2003,18541,134127,17.9,22560,727358712,232.67,3796574,211800,36573,US
2004,19920,135590,18.1,22214,771488968,250.79,3970734,219549,41824,US
2005,21810,130361,18.3,22530,667216228,211.75,3961909,216117,41416,US
2006,21483,137891,18,23103,785674156,243.51,4073893,226884,44407,US
2007,20204,132581,18.3,23250,801741276,244.6,3969564,216945,40910,US
2008,19936,131751,17.8,21733,750676856,238.14,3801778,213373,39954,US
2009,17265,119922,18.3,18783,654069676,246.08,3638246,198665,42695,US
2010,19789,110698,18.3,18901,517833326,158.73,3490129,190799,41412,US
2011,19644,105078,18.9,20687,481958763,188.98,3503565,185225,39816,US
2012,19611,99449,18.4,19048,477643192,185.07,3280879,178340,40232,US
2013,19813,120595,17.7,20264,582368935,173.45,3568543,202016,41344,US
2014,19931,134396,17.3,22734,762492223,184.14,3822953,220817,43755,US
2015,20066,151116,17.1,24870,1065003140,265.01,4150335,243307,47255,US
2016,21278,187877,16.2,27366,1101127783,258.72,4721114,291860,55340,US
2017,23104,214853,15.4,32382,1294202797,301.67,5091364,331105,60766,US
2018,25645,233038,15,36636,1482495488,277.01,5466235,364186,68867,US
2019,26205,262304,15,37099,1646194566,284.85,5983711,398614,73006,US
2020,27660,280849,15,39942,1811501314,288.46,6406709,426535,78085,US
2021,29020,297911,15,42585,1957163976,291.99,6793993,452261,82744,US
2022,30114,312887,15,44943,2094960292,295.53,7129148,474762,86818,US
2023,31145,327191,15,47224,2221500756,299.12,7452001,496265,90704,US
2024,32036,340362,15,49363,2333461120,302.77,7750854,516037,94276,US